Copyright 1986-2020 Xilinx, Inc. All Rights Reserved.
--------------------------------------------------------------------------------------------------------------------------------------------------------------------------------------------------------------------------------------
| Tool Version : Vivado v.2020.1 (win64) Build 2902540 Wed May 27 19:54:49 MDT 2020
| Date         : Fri Apr  3 06:37:32 2026
| Host         : DESKTOP-VQ00TNA running 64-bit major release  (build 9200)
| Command      : report_timing_summary -max_paths 10 -file acl_p1_fft_top_module_timing_summary_routed.rpt -pb acl_p1_fft_top_module_timing_summary_routed.pb -rpx acl_p1_fft_top_module_timing_summary_routed.rpx -warn_on_violation
| Design       : acl_p1_fft_top_module
| Device       : 7a35t-cpg236
| Speed File   : -1  PRODUCTION 1.23 2018-06-13
--------------------------------------------------------------------------------------------------------------------------------------------------------------------------------------------------------------------------------------

Timing Summary Report

------------------------------------------------------------------------------------------------
| Timer Settings
| --------------
------------------------------------------------------------------------------------------------

  Enable Multi Corner Analysis               :  Yes
  Enable Pessimism Removal                   :  Yes
  Pessimism Removal Resolution               :  Nearest Common Node
  Enable Input Delay Default Clock           :  No
  Enable Preset / Clear Arcs                 :  No
  Disable Flight Delays                      :  No
  Ignore I/O Paths                           :  No
  Timing Early Launch at Borrowing Latches   :  No
  Borrow Time for Max Delay Exceptions       :  Yes
  Merge Timing Exceptions                    :  Yes

  Corner  Analyze    Analyze    
  Name    Max Paths  Min Paths  
  ------  ---------  ---------  
  Slow    Yes        Yes        
  Fast    Yes        Yes        



check_timing report

Table of Contents
-----------------
1. checking no_clock (0)
2. checking constant_clock (0)
3. checking pulse_width_clock (0)
4. checking unconstrained_internal_endpoints (0)
5. checking no_input_delay (2)
6. checking no_output_delay (12)
7. checking multiple_clock (0)
8. checking generated_clocks (0)
9. checking loops (0)
10. checking partial_input_delay (0)
11. checking partial_output_delay (0)
12. checking latch_loops (0)

1. checking no_clock (0)
------------------------
 There are 0 register/latch pins with no clock.


2. checking constant_clock (0)
------------------------------
 There are 0 register/latch pins with constant_clock.


3. checking pulse_width_clock (0)
---------------------------------
 There are 0 register/latch pins which need pulse_width check


4. checking unconstrained_internal_endpoints (0)
------------------------------------------------
 There are 0 pins that are not constrained for maximum delay.

 There are 0 pins that are not constrained for maximum delay due to constant clock.


5. checking no_input_delay (2)
------------------------------
 There are 2 input ports with no input delay specified. (HIGH)

 There are 0 input ports with no input delay but user has a false path constraint.


6. checking no_output_delay (12)
--------------------------------
 There are 12 ports with no output delay specified. (HIGH)

 There are 0 ports with no output delay but user has a false path constraint

 There are 0 ports with no output delay but with a timing clock defined on it or propagating through it


7. checking multiple_clock (0)
------------------------------
 There are 0 register/latch pins with multiple clocks.


8. checking generated_clocks (0)
--------------------------------
 There are 0 generated clocks that are not connected to a clock source.


9. checking loops (0)
---------------------
 There are 0 combinational loops in the design.


10. checking partial_input_delay (0)
------------------------------------
 There are 0 input ports with partial input delay specified.


11. checking partial_output_delay (0)
-------------------------------------
 There are 0 ports with partial output delay specified.


12. checking latch_loops (0)
----------------------------
 There are 0 combinational latch loops in the design through latch input



------------------------------------------------------------------------------------------------
| Design Timing Summary
| ---------------------
------------------------------------------------------------------------------------------------

    WNS(ns)      TNS(ns)  TNS Failing Endpoints  TNS Total Endpoints      WHS(ns)      THS(ns)  THS Failing Endpoints  THS Total Endpoints     WPWS(ns)     TPWS(ns)  TPWS Failing Endpoints  TPWS Total Endpoints  
    -------      -------  ---------------------  -------------------      -------      -------  ---------------------  -------------------     --------     --------  ----------------------  --------------------  
      4.679        0.000                      0                  185        0.142        0.000                      0                  185        4.500        0.000                       0                   107  


All user specified timing constraints are met.


------------------------------------------------------------------------------------------------
| Clock Summary
| -------------
------------------------------------------------------------------------------------------------

Clock          Waveform(ns)       Period(ns)      Frequency(MHz)
-----          ------------       ----------      --------------
CLK_top_reprt  {0.000 5.000}      10.000          100.000         


------------------------------------------------------------------------------------------------
| Intra Clock Table
| -----------------
------------------------------------------------------------------------------------------------

Clock              WNS(ns)      TNS(ns)  TNS Failing Endpoints  TNS Total Endpoints      WHS(ns)      THS(ns)  THS Failing Endpoints  THS Total Endpoints     WPWS(ns)     TPWS(ns)  TPWS Failing Endpoints  TPWS Total Endpoints  
-----              -------      -------  ---------------------  -------------------      -------      -------  ---------------------  -------------------     --------     --------  ----------------------  --------------------  
CLK_top_reprt        4.679        0.000                      0                  185        0.142        0.000                      0                  185        4.500        0.000                       0                   107  


------------------------------------------------------------------------------------------------
| Inter Clock Table
| -----------------
------------------------------------------------------------------------------------------------

From Clock    To Clock          WNS(ns)      TNS(ns)  TNS Failing Endpoints  TNS Total Endpoints      WHS(ns)      THS(ns)  THS Failing Endpoints  THS Total Endpoints  
----------    --------          -------      -------  ---------------------  -------------------      -------      -------  ---------------------  -------------------  


------------------------------------------------------------------------------------------------
| Other Path Groups Table
| -----------------------
------------------------------------------------------------------------------------------------

Path Group    From Clock    To Clock          WNS(ns)      TNS(ns)  TNS Failing Endpoints  TNS Total Endpoints      WHS(ns)      THS(ns)  THS Failing Endpoints  THS Total Endpoints  
----------    ----------    --------          -------      -------  ---------------------  -------------------      -------      -------  ---------------------  -------------------  


------------------------------------------------------------------------------------------------
| Timing Details
| --------------
------------------------------------------------------------------------------------------------


---------------------------------------------------------------------------------------------------
From Clock:  CLK_top_reprt
  To Clock:  CLK_top_reprt

Setup :            0  Failing Endpoints,  Worst Slack        4.679ns,  Total Violation        0.000ns
Hold  :            0  Failing Endpoints,  Worst Slack        0.142ns,  Total Violation        0.000ns
PW    :            0  Failing Endpoints,  Worst Slack        4.500ns,  Total Violation        0.000ns
---------------------------------------------------------------------------------------------------


Max Delay Paths
--------------------------------------------------------------------------------------
Slack (MET) :             4.679ns  (required time - arrival time)
  Source:                 S_rht_btn_2_reg[5]/C
                            (rising edge-triggered cell FDRE clocked by CLK_top_reprt  {rise@0.000ns fall@5.000ns period=10.000ns})
  Destination:            S_fre_buffer_indx_cntr_reg[1]/CE
                            (rising edge-triggered cell FDRE clocked by CLK_top_reprt  {rise@0.000ns fall@5.000ns period=10.000ns})
  Path Group:             CLK_top_reprt
  Path Type:              Setup (Max at Slow Process Corner)
  Requirement:            10.000ns  (CLK_top_reprt rise@10.000ns - CLK_top_reprt rise@0.000ns)
  Data Path Delay:        5.038ns  (logic 1.087ns (21.578%)  route 3.951ns (78.422%))
  Logic Levels:           4  (LUT4=1 LUT6=3)
  Clock Path Skew:        -0.043ns (DCD - SCD + CPR)
    Destination Clock Delay (DCD):    4.842ns = ( 14.842 - 10.000 ) 
    Source Clock Delay      (SCD):    5.145ns
    Clock Pessimism Removal (CPR):    0.260ns
  Clock Uncertainty:      0.035ns  ((TSJ^2 + TIJ^2)^1/2 + DJ) / 2 + PE
    Total System Jitter     (TSJ):    0.071ns
    Total Input Jitter      (TIJ):    0.000ns
    Discrete Jitter          (DJ):    0.000ns
    Phase Error              (PE):    0.000ns

    Location             Delay type                Incr(ns)  Path(ns)    Netlist Resource(s)
  -------------------------------------------------------------------    -------------------
                         (clock CLK_top_reprt rise edge)
                                                      0.000     0.000 r  
    W5                                                0.000     0.000 r  CLK_top (IN)
                         net (fo=0)                   0.000     0.000    CLK_top
    W5                   IBUF (Prop_ibuf_I_O)         1.458     1.458 r  CLK_top_IBUF_inst/O
                         net (fo=1, routed)           1.967     3.425    CLK_top_IBUF
    BUFGCTRL_X0Y0        BUFG (Prop_bufg_I_O)         0.096     3.521 r  CLK_top_IBUF_BUFG_inst/O
                         net (fo=106, routed)         1.624     5.145    CLK_top_IBUF_BUFG
    SLICE_X63Y21         FDRE                                         r  S_rht_btn_2_reg[5]/C
  -------------------------------------------------------------------    -------------------
    SLICE_X63Y21         FDRE (Prop_fdre_C_Q)         0.419     5.564 r  S_rht_btn_2_reg[5]/Q
                         net (fo=4, routed)           0.985     6.549    S_rht_btn_2_reg_n_0_[5]
    SLICE_X60Y23         LUT4 (Prop_lut4_I2_O)        0.296     6.845 r  S_fre_buffer_indx_cntr[4]_i_30/O
                         net (fo=1, routed)           0.799     7.645    S_fre_buffer_indx_cntr[4]_i_30_n_0
    SLICE_X59Y23         LUT6 (Prop_lut6_I0_O)        0.124     7.769 f  S_fre_buffer_indx_cntr[4]_i_13/O
                         net (fo=1, routed)           0.866     8.634    S_fre_buffer_indx_cntr[4]_i_13_n_0
    SLICE_X60Y25         LUT6 (Prop_lut6_I3_O)        0.124     8.758 f  S_fre_buffer_indx_cntr[4]_i_3/O
                         net (fo=6, routed)           0.709     9.467    S_fre_buffer_indx_cntr[4]_i_3_n_0
    SLICE_X59Y24         LUT6 (Prop_lut6_I0_O)        0.124     9.591 r  S_fre_buffer_indx_cntr[4]_i_1/O
                         net (fo=5, routed)           0.592    10.183    S_fre_buffer_indx_cntr[4]_i_1_n_0
    SLICE_X58Y24         FDRE                                         r  S_fre_buffer_indx_cntr_reg[1]/CE
  -------------------------------------------------------------------    -------------------

                         (clock CLK_top_reprt rise edge)
                                                     10.000    10.000 r  
    W5                                                0.000    10.000 r  CLK_top (IN)
                         net (fo=0)                   0.000    10.000    CLK_top
    W5                   IBUF (Prop_ibuf_I_O)         1.388    11.388 r  CLK_top_IBUF_inst/O
                         net (fo=1, routed)           1.862    13.250    CLK_top_IBUF
    BUFGCTRL_X0Y0        BUFG (Prop_bufg_I_O)         0.091    13.341 r  CLK_top_IBUF_BUFG_inst/O
                         net (fo=106, routed)         1.501    14.842    CLK_top_IBUF_BUFG
    SLICE_X58Y24         FDRE                                         r  S_fre_buffer_indx_cntr_reg[1]/C
                         clock pessimism              0.260    15.102    
                         clock uncertainty           -0.035    15.067    
    SLICE_X58Y24         FDRE (Setup_fdre_C_CE)      -0.205    14.862    S_fre_buffer_indx_cntr_reg[1]
  -------------------------------------------------------------------
                         required time                         14.862    
                         arrival time                         -10.183    
  -------------------------------------------------------------------
                         slack                                  4.679    

Slack (MET) :             4.868ns  (required time - arrival time)
  Source:                 S_rht_btn_2_reg[5]/C
                            (rising edge-triggered cell FDRE clocked by CLK_top_reprt  {rise@0.000ns fall@5.000ns period=10.000ns})
  Destination:            S_fre_buffer_indx_cntr_reg[2]/CE
                            (rising edge-triggered cell FDRE clocked by CLK_top_reprt  {rise@0.000ns fall@5.000ns period=10.000ns})
  Path Group:             CLK_top_reprt
  Path Type:              Setup (Max at Slow Process Corner)
  Requirement:            10.000ns  (CLK_top_reprt rise@10.000ns - CLK_top_reprt rise@0.000ns)
  Data Path Delay:        4.848ns  (logic 1.087ns (22.420%)  route 3.761ns (77.580%))
  Logic Levels:           4  (LUT4=1 LUT6=3)
  Clock Path Skew:        -0.043ns (DCD - SCD + CPR)
    Destination Clock Delay (DCD):    4.842ns = ( 14.842 - 10.000 ) 
    Source Clock Delay      (SCD):    5.145ns
    Clock Pessimism Removal (CPR):    0.260ns
  Clock Uncertainty:      0.035ns  ((TSJ^2 + TIJ^2)^1/2 + DJ) / 2 + PE
    Total System Jitter     (TSJ):    0.071ns
    Total Input Jitter      (TIJ):    0.000ns
    Discrete Jitter          (DJ):    0.000ns
    Phase Error              (PE):    0.000ns

    Location             Delay type                Incr(ns)  Path(ns)    Netlist Resource(s)
  -------------------------------------------------------------------    -------------------
                         (clock CLK_top_reprt rise edge)
                                                      0.000     0.000 r  
    W5                                                0.000     0.000 r  CLK_top (IN)
                         net (fo=0)                   0.000     0.000    CLK_top
    W5                   IBUF (Prop_ibuf_I_O)         1.458     1.458 r  CLK_top_IBUF_inst/O
                         net (fo=1, routed)           1.967     3.425    CLK_top_IBUF
    BUFGCTRL_X0Y0        BUFG (Prop_bufg_I_O)         0.096     3.521 r  CLK_top_IBUF_BUFG_inst/O
                         net (fo=106, routed)         1.624     5.145    CLK_top_IBUF_BUFG
    SLICE_X63Y21         FDRE                                         r  S_rht_btn_2_reg[5]/C
  -------------------------------------------------------------------    -------------------
    SLICE_X63Y21         FDRE (Prop_fdre_C_Q)         0.419     5.564 r  S_rht_btn_2_reg[5]/Q
                         net (fo=4, routed)           0.985     6.549    S_rht_btn_2_reg_n_0_[5]
    SLICE_X60Y23         LUT4 (Prop_lut4_I2_O)        0.296     6.845 r  S_fre_buffer_indx_cntr[4]_i_30/O
                         net (fo=1, routed)           0.799     7.645    S_fre_buffer_indx_cntr[4]_i_30_n_0
    SLICE_X59Y23         LUT6 (Prop_lut6_I0_O)        0.124     7.769 f  S_fre_buffer_indx_cntr[4]_i_13/O
                         net (fo=1, routed)           0.866     8.634    S_fre_buffer_indx_cntr[4]_i_13_n_0
    SLICE_X60Y25         LUT6 (Prop_lut6_I3_O)        0.124     8.758 f  S_fre_buffer_indx_cntr[4]_i_3/O
                         net (fo=6, routed)           0.709     9.467    S_fre_buffer_indx_cntr[4]_i_3_n_0
    SLICE_X59Y24         LUT6 (Prop_lut6_I0_O)        0.124     9.591 r  S_fre_buffer_indx_cntr[4]_i_1/O
                         net (fo=5, routed)           0.402     9.994    S_fre_buffer_indx_cntr[4]_i_1_n_0
    SLICE_X59Y24         FDRE                                         r  S_fre_buffer_indx_cntr_reg[2]/CE
  -------------------------------------------------------------------    -------------------

                         (clock CLK_top_reprt rise edge)
                                                     10.000    10.000 r  
    W5                                                0.000    10.000 r  CLK_top (IN)
                         net (fo=0)                   0.000    10.000    CLK_top
    W5                   IBUF (Prop_ibuf_I_O)         1.388    11.388 r  CLK_top_IBUF_inst/O
                         net (fo=1, routed)           1.862    13.250    CLK_top_IBUF
    BUFGCTRL_X0Y0        BUFG (Prop_bufg_I_O)         0.091    13.341 r  CLK_top_IBUF_BUFG_inst/O
                         net (fo=106, routed)         1.501    14.842    CLK_top_IBUF_BUFG
    SLICE_X59Y24         FDRE                                         r  S_fre_buffer_indx_cntr_reg[2]/C
                         clock pessimism              0.260    15.102    
                         clock uncertainty           -0.035    15.067    
    SLICE_X59Y24         FDRE (Setup_fdre_C_CE)      -0.205    14.862    S_fre_buffer_indx_cntr_reg[2]
  -------------------------------------------------------------------
                         required time                         14.862    
                         arrival time                          -9.994    
  -------------------------------------------------------------------
                         slack                                  4.868    

Slack (MET) :             4.892ns  (required time - arrival time)
  Source:                 S_rht_btn_2_reg[5]/C
                            (rising edge-triggered cell FDRE clocked by CLK_top_reprt  {rise@0.000ns fall@5.000ns period=10.000ns})
  Destination:            S_fre_buffer_indx_cntr_reg[0]/CE
                            (rising edge-triggered cell FDRE clocked by CLK_top_reprt  {rise@0.000ns fall@5.000ns period=10.000ns})
  Path Group:             CLK_top_reprt
  Path Type:              Setup (Max at Slow Process Corner)
  Requirement:            10.000ns  (CLK_top_reprt rise@10.000ns - CLK_top_reprt rise@0.000ns)
  Data Path Delay:        4.825ns  (logic 1.087ns (22.530%)  route 3.738ns (77.470%))
  Logic Levels:           4  (LUT4=1 LUT6=3)
  Clock Path Skew:        -0.043ns (DCD - SCD + CPR)
    Destination Clock Delay (DCD):    4.842ns = ( 14.842 - 10.000 ) 
    Source Clock Delay      (SCD):    5.145ns
    Clock Pessimism Removal (CPR):    0.260ns
  Clock Uncertainty:      0.035ns  ((TSJ^2 + TIJ^2)^1/2 + DJ) / 2 + PE
    Total System Jitter     (TSJ):    0.071ns
    Total Input Jitter      (TIJ):    0.000ns
    Discrete Jitter          (DJ):    0.000ns
    Phase Error              (PE):    0.000ns

    Location             Delay type                Incr(ns)  Path(ns)    Netlist Resource(s)
  -------------------------------------------------------------------    -------------------
                         (clock CLK_top_reprt rise edge)
                                                      0.000     0.000 r  
    W5                                                0.000     0.000 r  CLK_top (IN)
                         net (fo=0)                   0.000     0.000    CLK_top
    W5                   IBUF (Prop_ibuf_I_O)         1.458     1.458 r  CLK_top_IBUF_inst/O
                         net (fo=1, routed)           1.967     3.425    CLK_top_IBUF
    BUFGCTRL_X0Y0        BUFG (Prop_bufg_I_O)         0.096     3.521 r  CLK_top_IBUF_BUFG_inst/O
                         net (fo=106, routed)         1.624     5.145    CLK_top_IBUF_BUFG
    SLICE_X63Y21         FDRE                                         r  S_rht_btn_2_reg[5]/C
  -------------------------------------------------------------------    -------------------
    SLICE_X63Y21         FDRE (Prop_fdre_C_Q)         0.419     5.564 r  S_rht_btn_2_reg[5]/Q
                         net (fo=4, routed)           0.985     6.549    S_rht_btn_2_reg_n_0_[5]
    SLICE_X60Y23         LUT4 (Prop_lut4_I2_O)        0.296     6.845 r  S_fre_buffer_indx_cntr[4]_i_30/O
                         net (fo=1, routed)           0.799     7.645    S_fre_buffer_indx_cntr[4]_i_30_n_0
    SLICE_X59Y23         LUT6 (Prop_lut6_I0_O)        0.124     7.769 f  S_fre_buffer_indx_cntr[4]_i_13/O
                         net (fo=1, routed)           0.866     8.634    S_fre_buffer_indx_cntr[4]_i_13_n_0
    SLICE_X60Y25         LUT6 (Prop_lut6_I3_O)        0.124     8.758 f  S_fre_buffer_indx_cntr[4]_i_3/O
                         net (fo=6, routed)           0.709     9.467    S_fre_buffer_indx_cntr[4]_i_3_n_0
    SLICE_X59Y24         LUT6 (Prop_lut6_I0_O)        0.124     9.591 r  S_fre_buffer_indx_cntr[4]_i_1/O
                         net (fo=5, routed)           0.379     9.970    S_fre_buffer_indx_cntr[4]_i_1_n_0
    SLICE_X59Y25         FDRE                                         r  S_fre_buffer_indx_cntr_reg[0]/CE
  -------------------------------------------------------------------    -------------------

                         (clock CLK_top_reprt rise edge)
                                                     10.000    10.000 r  
    W5                                                0.000    10.000 r  CLK_top (IN)
                         net (fo=0)                   0.000    10.000    CLK_top
    W5                   IBUF (Prop_ibuf_I_O)         1.388    11.388 r  CLK_top_IBUF_inst/O
                         net (fo=1, routed)           1.862    13.250    CLK_top_IBUF
    BUFGCTRL_X0Y0        BUFG (Prop_bufg_I_O)         0.091    13.341 r  CLK_top_IBUF_BUFG_inst/O
                         net (fo=106, routed)         1.501    14.842    CLK_top_IBUF_BUFG
    SLICE_X59Y25         FDRE                                         r  S_fre_buffer_indx_cntr_reg[0]/C
                         clock pessimism              0.260    15.102    
                         clock uncertainty           -0.035    15.067    
    SLICE_X59Y25         FDRE (Setup_fdre_C_CE)      -0.205    14.862    S_fre_buffer_indx_cntr_reg[0]
  -------------------------------------------------------------------
                         required time                         14.862    
                         arrival time                          -9.970    
  -------------------------------------------------------------------
                         slack                                  4.892    

Slack (MET) :             4.892ns  (required time - arrival time)
  Source:                 S_rht_btn_2_reg[5]/C
                            (rising edge-triggered cell FDRE clocked by CLK_top_reprt  {rise@0.000ns fall@5.000ns period=10.000ns})
  Destination:            S_fre_buffer_indx_cntr_reg[3]/CE
                            (rising edge-triggered cell FDRE clocked by CLK_top_reprt  {rise@0.000ns fall@5.000ns period=10.000ns})
  Path Group:             CLK_top_reprt
  Path Type:              Setup (Max at Slow Process Corner)
  Requirement:            10.000ns  (CLK_top_reprt rise@10.000ns - CLK_top_reprt rise@0.000ns)
  Data Path Delay:        4.825ns  (logic 1.087ns (22.530%)  route 3.738ns (77.470%))
  Logic Levels:           4  (LUT4=1 LUT6=3)
  Clock Path Skew:        -0.043ns (DCD - SCD + CPR)
    Destination Clock Delay (DCD):    4.842ns = ( 14.842 - 10.000 ) 
    Source Clock Delay      (SCD):    5.145ns
    Clock Pessimism Removal (CPR):    0.260ns
  Clock Uncertainty:      0.035ns  ((TSJ^2 + TIJ^2)^1/2 + DJ) / 2 + PE
    Total System Jitter     (TSJ):    0.071ns
    Total Input Jitter      (TIJ):    0.000ns
    Discrete Jitter          (DJ):    0.000ns
    Phase Error              (PE):    0.000ns

    Location             Delay type                Incr(ns)  Path(ns)    Netlist Resource(s)
  -------------------------------------------------------------------    -------------------
                         (clock CLK_top_reprt rise edge)
                                                      0.000     0.000 r  
    W5                                                0.000     0.000 r  CLK_top (IN)
                         net (fo=0)                   0.000     0.000    CLK_top
    W5                   IBUF (Prop_ibuf_I_O)         1.458     1.458 r  CLK_top_IBUF_inst/O
                         net (fo=1, routed)           1.967     3.425    CLK_top_IBUF
    BUFGCTRL_X0Y0        BUFG (Prop_bufg_I_O)         0.096     3.521 r  CLK_top_IBUF_BUFG_inst/O
                         net (fo=106, routed)         1.624     5.145    CLK_top_IBUF_BUFG
    SLICE_X63Y21         FDRE                                         r  S_rht_btn_2_reg[5]/C
  -------------------------------------------------------------------    -------------------
    SLICE_X63Y21         FDRE (Prop_fdre_C_Q)         0.419     5.564 r  S_rht_btn_2_reg[5]/Q
                         net (fo=4, routed)           0.985     6.549    S_rht_btn_2_reg_n_0_[5]
    SLICE_X60Y23         LUT4 (Prop_lut4_I2_O)        0.296     6.845 r  S_fre_buffer_indx_cntr[4]_i_30/O
                         net (fo=1, routed)           0.799     7.645    S_fre_buffer_indx_cntr[4]_i_30_n_0
    SLICE_X59Y23         LUT6 (Prop_lut6_I0_O)        0.124     7.769 f  S_fre_buffer_indx_cntr[4]_i_13/O
                         net (fo=1, routed)           0.866     8.634    S_fre_buffer_indx_cntr[4]_i_13_n_0
    SLICE_X60Y25         LUT6 (Prop_lut6_I3_O)        0.124     8.758 f  S_fre_buffer_indx_cntr[4]_i_3/O
                         net (fo=6, routed)           0.709     9.467    S_fre_buffer_indx_cntr[4]_i_3_n_0
    SLICE_X59Y24         LUT6 (Prop_lut6_I0_O)        0.124     9.591 r  S_fre_buffer_indx_cntr[4]_i_1/O
                         net (fo=5, routed)           0.379     9.970    S_fre_buffer_indx_cntr[4]_i_1_n_0
    SLICE_X58Y25         FDRE                                         r  S_fre_buffer_indx_cntr_reg[3]/CE
  -------------------------------------------------------------------    -------------------

                         (clock CLK_top_reprt rise edge)
                                                     10.000    10.000 r  
    W5                                                0.000    10.000 r  CLK_top (IN)
                         net (fo=0)                   0.000    10.000    CLK_top
    W5                   IBUF (Prop_ibuf_I_O)         1.388    11.388 r  CLK_top_IBUF_inst/O
                         net (fo=1, routed)           1.862    13.250    CLK_top_IBUF
    BUFGCTRL_X0Y0        BUFG (Prop_bufg_I_O)         0.091    13.341 r  CLK_top_IBUF_BUFG_inst/O
                         net (fo=106, routed)         1.501    14.842    CLK_top_IBUF_BUFG
    SLICE_X58Y25         FDRE                                         r  S_fre_buffer_indx_cntr_reg[3]/C
                         clock pessimism              0.260    15.102    
                         clock uncertainty           -0.035    15.067    
    SLICE_X58Y25         FDRE (Setup_fdre_C_CE)      -0.205    14.862    S_fre_buffer_indx_cntr_reg[3]
  -------------------------------------------------------------------
                         required time                         14.862    
                         arrival time                          -9.970    
  -------------------------------------------------------------------
                         slack                                  4.892    

Slack (MET) :             4.892ns  (required time - arrival time)
  Source:                 S_rht_btn_2_reg[5]/C
                            (rising edge-triggered cell FDRE clocked by CLK_top_reprt  {rise@0.000ns fall@5.000ns period=10.000ns})
  Destination:            S_fre_buffer_indx_cntr_reg[4]/CE
                            (rising edge-triggered cell FDRE clocked by CLK_top_reprt  {rise@0.000ns fall@5.000ns period=10.000ns})
  Path Group:             CLK_top_reprt
  Path Type:              Setup (Max at Slow Process Corner)
  Requirement:            10.000ns  (CLK_top_reprt rise@10.000ns - CLK_top_reprt rise@0.000ns)
  Data Path Delay:        4.825ns  (logic 1.087ns (22.530%)  route 3.738ns (77.470%))
  Logic Levels:           4  (LUT4=1 LUT6=3)
  Clock Path Skew:        -0.043ns (DCD - SCD + CPR)
    Destination Clock Delay (DCD):    4.842ns = ( 14.842 - 10.000 ) 
    Source Clock Delay      (SCD):    5.145ns
    Clock Pessimism Removal (CPR):    0.260ns
  Clock Uncertainty:      0.035ns  ((TSJ^2 + TIJ^2)^1/2 + DJ) / 2 + PE
    Total System Jitter     (TSJ):    0.071ns
    Total Input Jitter      (TIJ):    0.000ns
    Discrete Jitter          (DJ):    0.000ns
    Phase Error              (PE):    0.000ns

    Location             Delay type                Incr(ns)  Path(ns)    Netlist Resource(s)
  -------------------------------------------------------------------    -------------------
                         (clock CLK_top_reprt rise edge)
                                                      0.000     0.000 r  
    W5                                                0.000     0.000 r  CLK_top (IN)
                         net (fo=0)                   0.000     0.000    CLK_top
    W5                   IBUF (Prop_ibuf_I_O)         1.458     1.458 r  CLK_top_IBUF_inst/O
                         net (fo=1, routed)           1.967     3.425    CLK_top_IBUF
    BUFGCTRL_X0Y0        BUFG (Prop_bufg_I_O)         0.096     3.521 r  CLK_top_IBUF_BUFG_inst/O
                         net (fo=106, routed)         1.624     5.145    CLK_top_IBUF_BUFG
    SLICE_X63Y21         FDRE                                         r  S_rht_btn_2_reg[5]/C
  -------------------------------------------------------------------    -------------------
    SLICE_X63Y21         FDRE (Prop_fdre_C_Q)         0.419     5.564 r  S_rht_btn_2_reg[5]/Q
                         net (fo=4, routed)           0.985     6.549    S_rht_btn_2_reg_n_0_[5]
    SLICE_X60Y23         LUT4 (Prop_lut4_I2_O)        0.296     6.845 r  S_fre_buffer_indx_cntr[4]_i_30/O
                         net (fo=1, routed)           0.799     7.645    S_fre_buffer_indx_cntr[4]_i_30_n_0
    SLICE_X59Y23         LUT6 (Prop_lut6_I0_O)        0.124     7.769 f  S_fre_buffer_indx_cntr[4]_i_13/O
                         net (fo=1, routed)           0.866     8.634    S_fre_buffer_indx_cntr[4]_i_13_n_0
    SLICE_X60Y25         LUT6 (Prop_lut6_I3_O)        0.124     8.758 f  S_fre_buffer_indx_cntr[4]_i_3/O
                         net (fo=6, routed)           0.709     9.467    S_fre_buffer_indx_cntr[4]_i_3_n_0
    SLICE_X59Y24         LUT6 (Prop_lut6_I0_O)        0.124     9.591 r  S_fre_buffer_indx_cntr[4]_i_1/O
                         net (fo=5, routed)           0.379     9.970    S_fre_buffer_indx_cntr[4]_i_1_n_0
    SLICE_X58Y25         FDRE                                         r  S_fre_buffer_indx_cntr_reg[4]/CE
  -------------------------------------------------------------------    -------------------

                         (clock CLK_top_reprt rise edge)
                                                     10.000    10.000 r  
    W5                                                0.000    10.000 r  CLK_top (IN)
                         net (fo=0)                   0.000    10.000    CLK_top
    W5                   IBUF (Prop_ibuf_I_O)         1.388    11.388 r  CLK_top_IBUF_inst/O
                         net (fo=1, routed)           1.862    13.250    CLK_top_IBUF
    BUFGCTRL_X0Y0        BUFG (Prop_bufg_I_O)         0.091    13.341 r  CLK_top_IBUF_BUFG_inst/O
                         net (fo=106, routed)         1.501    14.842    CLK_top_IBUF_BUFG
    SLICE_X58Y25         FDRE                                         r  S_fre_buffer_indx_cntr_reg[4]/C
                         clock pessimism              0.260    15.102    
                         clock uncertainty           -0.035    15.067    
    SLICE_X58Y25         FDRE (Setup_fdre_C_CE)      -0.205    14.862    S_fre_buffer_indx_cntr_reg[4]
  -------------------------------------------------------------------
                         required time                         14.862    
                         arrival time                          -9.970    
  -------------------------------------------------------------------
                         slack                                  4.892    

Slack (MET) :             5.554ns  (required time - arrival time)
  Source:                 S_rht_btn_2_reg[13]/C
                            (rising edge-triggered cell FDRE clocked by CLK_top_reprt  {rise@0.000ns fall@5.000ns period=10.000ns})
  Destination:            S_fre_buffer_indx_cntr_reg[0]/D
                            (rising edge-triggered cell FDRE clocked by CLK_top_reprt  {rise@0.000ns fall@5.000ns period=10.000ns})
  Path Group:             CLK_top_reprt
  Path Type:              Setup (Max at Slow Process Corner)
  Requirement:            10.000ns  (CLK_top_reprt rise@10.000ns - CLK_top_reprt rise@0.000ns)
  Data Path Delay:        4.401ns  (logic 1.326ns (30.128%)  route 3.075ns (69.872%))
  Logic Levels:           4  (LUT4=1 LUT6=3)
  Clock Path Skew:        -0.040ns (DCD - SCD + CPR)
    Destination Clock Delay (DCD):    4.842ns = ( 14.842 - 10.000 ) 
    Source Clock Delay      (SCD):    5.142ns
    Clock Pessimism Removal (CPR):    0.260ns
  Clock Uncertainty:      0.035ns  ((TSJ^2 + TIJ^2)^1/2 + DJ) / 2 + PE
    Total System Jitter     (TSJ):    0.071ns
    Total Input Jitter      (TIJ):    0.000ns
    Discrete Jitter          (DJ):    0.000ns
    Phase Error              (PE):    0.000ns

    Location             Delay type                Incr(ns)  Path(ns)    Netlist Resource(s)
  -------------------------------------------------------------------    -------------------
                         (clock CLK_top_reprt rise edge)
                                                      0.000     0.000 r  
    W5                                                0.000     0.000 r  CLK_top (IN)
                         net (fo=0)                   0.000     0.000    CLK_top
    W5                   IBUF (Prop_ibuf_I_O)         1.458     1.458 r  CLK_top_IBUF_inst/O
                         net (fo=1, routed)           1.967     3.425    CLK_top_IBUF
    BUFGCTRL_X0Y0        BUFG (Prop_bufg_I_O)         0.096     3.521 r  CLK_top_IBUF_BUFG_inst/O
                         net (fo=106, routed)         1.621     5.142    CLK_top_IBUF_BUFG
    SLICE_X63Y22         FDRE                                         r  S_rht_btn_2_reg[13]/C
  -------------------------------------------------------------------    -------------------
    SLICE_X63Y22         FDRE (Prop_fdre_C_Q)         0.419     5.561 r  S_rht_btn_2_reg[13]/Q
                         net (fo=6, routed)           1.180     6.742    S_rht_btn_2_reg_n_0_[13]
    SLICE_X61Y24         LUT4 (Prop_lut4_I3_O)        0.327     7.069 r  S_fre_buffer_indx_cntr[4]_i_47/O
                         net (fo=1, routed)           0.408     7.477    S_fre_buffer_indx_cntr[4]_i_47_n_0
    SLICE_X61Y23         LUT6 (Prop_lut6_I4_O)        0.332     7.809 r  S_fre_buffer_indx_cntr[4]_i_26/O
                         net (fo=1, routed)           0.491     8.299    S_fre_buffer_indx_cntr[4]_i_26_n_0
    SLICE_X60Y24         LUT6 (Prop_lut6_I5_O)        0.124     8.423 r  S_fre_buffer_indx_cntr[4]_i_8/O
                         net (fo=5, routed)           0.996     9.420    S_fre_buffer_indx_cntr[4]_i_8_n_0
    SLICE_X59Y25         LUT6 (Prop_lut6_I0_O)        0.124     9.544 r  S_fre_buffer_indx_cntr[0]_i_1/O
                         net (fo=1, routed)           0.000     9.544    S_fre_buffer_indx_cntr[0]_i_1_n_0
    SLICE_X59Y25         FDRE                                         r  S_fre_buffer_indx_cntr_reg[0]/D
  -------------------------------------------------------------------    -------------------

                         (clock CLK_top_reprt rise edge)
                                                     10.000    10.000 r  
    W5                                                0.000    10.000 r  CLK_top (IN)
                         net (fo=0)                   0.000    10.000    CLK_top
    W5                   IBUF (Prop_ibuf_I_O)         1.388    11.388 r  CLK_top_IBUF_inst/O
                         net (fo=1, routed)           1.862    13.250    CLK_top_IBUF
    BUFGCTRL_X0Y0        BUFG (Prop_bufg_I_O)         0.091    13.341 r  CLK_top_IBUF_BUFG_inst/O
                         net (fo=106, routed)         1.501    14.842    CLK_top_IBUF_BUFG
    SLICE_X59Y25         FDRE                                         r  S_fre_buffer_indx_cntr_reg[0]/C
                         clock pessimism              0.260    15.102    
                         clock uncertainty           -0.035    15.067    
    SLICE_X59Y25         FDRE (Setup_fdre_C_D)        0.031    15.098    S_fre_buffer_indx_cntr_reg[0]
  -------------------------------------------------------------------
                         required time                         15.098    
                         arrival time                          -9.544    
  -------------------------------------------------------------------
                         slack                                  5.554    

Slack (MET) :             5.582ns  (required time - arrival time)
  Source:                 S_rht_btn_2_reg[5]/C
                            (rising edge-triggered cell FDRE clocked by CLK_top_reprt  {rise@0.000ns fall@5.000ns period=10.000ns})
  Destination:            S_fre_buffer_indx_cntr_reg[3]/D
                            (rising edge-triggered cell FDRE clocked by CLK_top_reprt  {rise@0.000ns fall@5.000ns period=10.000ns})
  Path Group:             CLK_top_reprt
  Path Type:              Setup (Max at Slow Process Corner)
  Requirement:            10.000ns  (CLK_top_reprt rise@10.000ns - CLK_top_reprt rise@0.000ns)
  Data Path Delay:        4.368ns  (logic 1.087ns (24.884%)  route 3.281ns (75.116%))
  Logic Levels:           4  (LUT4=1 LUT6=3)
  Clock Path Skew:        -0.043ns (DCD - SCD + CPR)
    Destination Clock Delay (DCD):    4.842ns = ( 14.842 - 10.000 ) 
    Source Clock Delay      (SCD):    5.145ns
    Clock Pessimism Removal (CPR):    0.260ns
  Clock Uncertainty:      0.035ns  ((TSJ^2 + TIJ^2)^1/2 + DJ) / 2 + PE
    Total System Jitter     (TSJ):    0.071ns
    Total Input Jitter      (TIJ):    0.000ns
    Discrete Jitter          (DJ):    0.000ns
    Phase Error              (PE):    0.000ns

    Location             Delay type                Incr(ns)  Path(ns)    Netlist Resource(s)
  -------------------------------------------------------------------    -------------------
                         (clock CLK_top_reprt rise edge)
                                                      0.000     0.000 r  
    W5                                                0.000     0.000 r  CLK_top (IN)
                         net (fo=0)                   0.000     0.000    CLK_top
    W5                   IBUF (Prop_ibuf_I_O)         1.458     1.458 r  CLK_top_IBUF_inst/O
                         net (fo=1, routed)           1.967     3.425    CLK_top_IBUF
    BUFGCTRL_X0Y0        BUFG (Prop_bufg_I_O)         0.096     3.521 r  CLK_top_IBUF_BUFG_inst/O
                         net (fo=106, routed)         1.624     5.145    CLK_top_IBUF_BUFG
    SLICE_X63Y21         FDRE                                         r  S_rht_btn_2_reg[5]/C
  -------------------------------------------------------------------    -------------------
    SLICE_X63Y21         FDRE (Prop_fdre_C_Q)         0.419     5.564 f  S_rht_btn_2_reg[5]/Q
                         net (fo=4, routed)           0.985     6.549    S_rht_btn_2_reg_n_0_[5]
    SLICE_X60Y23         LUT4 (Prop_lut4_I2_O)        0.296     6.845 f  S_fre_buffer_indx_cntr[4]_i_30/O
                         net (fo=1, routed)           0.799     7.645    S_fre_buffer_indx_cntr[4]_i_30_n_0
    SLICE_X59Y23         LUT6 (Prop_lut6_I0_O)        0.124     7.769 r  S_fre_buffer_indx_cntr[4]_i_13/O
                         net (fo=1, routed)           0.866     8.634    S_fre_buffer_indx_cntr[4]_i_13_n_0
    SLICE_X60Y25         LUT6 (Prop_lut6_I3_O)        0.124     8.758 r  S_fre_buffer_indx_cntr[4]_i_3/O
                         net (fo=6, routed)           0.631     9.390    S_fre_buffer_indx_cntr[4]_i_3_n_0
    SLICE_X58Y25         LUT6 (Prop_lut6_I4_O)        0.124     9.514 r  S_fre_buffer_indx_cntr[3]_i_1/O
                         net (fo=1, routed)           0.000     9.514    S_fre_buffer_indx_cntr[3]_i_1_n_0
    SLICE_X58Y25         FDRE                                         r  S_fre_buffer_indx_cntr_reg[3]/D
  -------------------------------------------------------------------    -------------------

                         (clock CLK_top_reprt rise edge)
                                                     10.000    10.000 r  
    W5                                                0.000    10.000 r  CLK_top (IN)
                         net (fo=0)                   0.000    10.000    CLK_top
    W5                   IBUF (Prop_ibuf_I_O)         1.388    11.388 r  CLK_top_IBUF_inst/O
                         net (fo=1, routed)           1.862    13.250    CLK_top_IBUF
    BUFGCTRL_X0Y0        BUFG (Prop_bufg_I_O)         0.091    13.341 r  CLK_top_IBUF_BUFG_inst/O
                         net (fo=106, routed)         1.501    14.842    CLK_top_IBUF_BUFG
    SLICE_X58Y25         FDRE                                         r  S_fre_buffer_indx_cntr_reg[3]/C
                         clock pessimism              0.260    15.102    
                         clock uncertainty           -0.035    15.067    
    SLICE_X58Y25         FDRE (Setup_fdre_C_D)        0.029    15.096    S_fre_buffer_indx_cntr_reg[3]
  -------------------------------------------------------------------
                         required time                         15.096    
                         arrival time                          -9.514    
  -------------------------------------------------------------------
                         slack                                  5.582    

Slack (MET) :             5.662ns  (required time - arrival time)
  Source:                 S_rht_btn_2_reg[26]/C
                            (rising edge-triggered cell FDRE clocked by CLK_top_reprt  {rise@0.000ns fall@5.000ns period=10.000ns})
  Destination:            S_rht_btn_2_reg[22]/D
                            (rising edge-triggered cell FDRE clocked by CLK_top_reprt  {rise@0.000ns fall@5.000ns period=10.000ns})
  Path Group:             CLK_top_reprt
  Path Type:              Setup (Max at Slow Process Corner)
  Requirement:            10.000ns  (CLK_top_reprt rise@10.000ns - CLK_top_reprt rise@0.000ns)
  Data Path Delay:        4.310ns  (logic 0.952ns (22.088%)  route 3.358ns (77.912%))
  Logic Levels:           4  (LUT2=1 LUT4=1 LUT6=2)
  Clock Path Skew:        -0.024ns (DCD - SCD + CPR)
    Destination Clock Delay (DCD):    4.843ns = ( 14.843 - 10.000 ) 
    Source Clock Delay      (SCD):    5.141ns
    Clock Pessimism Removal (CPR):    0.274ns
  Clock Uncertainty:      0.035ns  ((TSJ^2 + TIJ^2)^1/2 + DJ) / 2 + PE
    Total System Jitter     (TSJ):    0.071ns
    Total Input Jitter      (TIJ):    0.000ns
    Discrete Jitter          (DJ):    0.000ns
    Phase Error              (PE):    0.000ns

    Location             Delay type                Incr(ns)  Path(ns)    Netlist Resource(s)
  -------------------------------------------------------------------    -------------------
                         (clock CLK_top_reprt rise edge)
                                                      0.000     0.000 r  
    W5                                                0.000     0.000 r  CLK_top (IN)
                         net (fo=0)                   0.000     0.000    CLK_top
    W5                   IBUF (Prop_ibuf_I_O)         1.458     1.458 r  CLK_top_IBUF_inst/O
                         net (fo=1, routed)           1.967     3.425    CLK_top_IBUF
    BUFGCTRL_X0Y0        BUFG (Prop_bufg_I_O)         0.096     3.521 r  CLK_top_IBUF_BUFG_inst/O
                         net (fo=106, routed)         1.620     5.141    CLK_top_IBUF_BUFG
    SLICE_X63Y26         FDRE                                         r  S_rht_btn_2_reg[26]/C
  -------------------------------------------------------------------    -------------------
    SLICE_X63Y26         FDRE (Prop_fdre_C_Q)         0.456     5.597 f  S_rht_btn_2_reg[26]/Q
                         net (fo=5, routed)           1.174     6.771    S_rht_btn_2_reg_n_0_[26]
    SLICE_X61Y22         LUT4 (Prop_lut4_I1_O)        0.124     6.895 f  S_fre_buffer_indx_cntr[4]_i_36/O
                         net (fo=1, routed)           0.406     7.302    S_fre_buffer_indx_cntr[4]_i_36_n_0
    SLICE_X61Y23         LUT6 (Prop_lut6_I1_O)        0.124     7.426 r  S_fre_buffer_indx_cntr[4]_i_17/O
                         net (fo=2, routed)           0.485     7.911    S_fre_buffer_indx_cntr[4]_i_17_n_0
    SLICE_X61Y23         LUT6 (Prop_lut6_I0_O)        0.124     8.035 r  S_rht_btn_2[27]_i_4/O
                         net (fo=27, routed)          1.292     9.327    S_rht_btn_2[27]_i_4_n_0
    SLICE_X63Y25         LUT2 (Prop_lut2_I1_O)        0.124     9.451 r  S_rht_btn_2[22]_i_1/O
                         net (fo=1, routed)           0.000     9.451    S_rht_btn_2[22]
    SLICE_X63Y25         FDRE                                         r  S_rht_btn_2_reg[22]/D
  -------------------------------------------------------------------    -------------------

                         (clock CLK_top_reprt rise edge)
                                                     10.000    10.000 r  
    W5                                                0.000    10.000 r  CLK_top (IN)
                         net (fo=0)                   0.000    10.000    CLK_top
    W5                   IBUF (Prop_ibuf_I_O)         1.388    11.388 r  CLK_top_IBUF_inst/O
                         net (fo=1, routed)           1.862    13.250    CLK_top_IBUF
    BUFGCTRL_X0Y0        BUFG (Prop_bufg_I_O)         0.091    13.341 r  CLK_top_IBUF_BUFG_inst/O
                         net (fo=106, routed)         1.502    14.843    CLK_top_IBUF_BUFG
    SLICE_X63Y25         FDRE                                         r  S_rht_btn_2_reg[22]/C
                         clock pessimism              0.274    15.117    
                         clock uncertainty           -0.035    15.082    
    SLICE_X63Y25         FDRE (Setup_fdre_C_D)        0.031    15.113    S_rht_btn_2_reg[22]
  -------------------------------------------------------------------
                         required time                         15.113    
                         arrival time                          -9.451    
  -------------------------------------------------------------------
                         slack                                  5.662    

Slack (MET) :             5.678ns  (required time - arrival time)
  Source:                 S_rht_btn_2_reg[26]/C
                            (rising edge-triggered cell FDRE clocked by CLK_top_reprt  {rise@0.000ns fall@5.000ns period=10.000ns})
  Destination:            S_rht_btn_2_reg[25]/D
                            (rising edge-triggered cell FDRE clocked by CLK_top_reprt  {rise@0.000ns fall@5.000ns period=10.000ns})
  Path Group:             CLK_top_reprt
  Path Type:              Setup (Max at Slow Process Corner)
  Requirement:            10.000ns  (CLK_top_reprt rise@10.000ns - CLK_top_reprt rise@0.000ns)
  Data Path Delay:        4.338ns  (logic 0.980ns (22.591%)  route 3.358ns (77.409%))
  Logic Levels:           4  (LUT2=1 LUT4=1 LUT6=2)
  Clock Path Skew:        -0.024ns (DCD - SCD + CPR)
    Destination Clock Delay (DCD):    4.843ns = ( 14.843 - 10.000 ) 
    Source Clock Delay      (SCD):    5.141ns
    Clock Pessimism Removal (CPR):    0.274ns
  Clock Uncertainty:      0.035ns  ((TSJ^2 + TIJ^2)^1/2 + DJ) / 2 + PE
    Total System Jitter     (TSJ):    0.071ns
    Total Input Jitter      (TIJ):    0.000ns
    Discrete Jitter          (DJ):    0.000ns
    Phase Error              (PE):    0.000ns

    Location             Delay type                Incr(ns)  Path(ns)    Netlist Resource(s)
  -------------------------------------------------------------------    -------------------
                         (clock CLK_top_reprt rise edge)
                                                      0.000     0.000 r  
    W5                                                0.000     0.000 r  CLK_top (IN)
                         net (fo=0)                   0.000     0.000    CLK_top
    W5                   IBUF (Prop_ibuf_I_O)         1.458     1.458 r  CLK_top_IBUF_inst/O
                         net (fo=1, routed)           1.967     3.425    CLK_top_IBUF
    BUFGCTRL_X0Y0        BUFG (Prop_bufg_I_O)         0.096     3.521 r  CLK_top_IBUF_BUFG_inst/O
                         net (fo=106, routed)         1.620     5.141    CLK_top_IBUF_BUFG
    SLICE_X63Y26         FDRE                                         r  S_rht_btn_2_reg[26]/C
  -------------------------------------------------------------------    -------------------
    SLICE_X63Y26         FDRE (Prop_fdre_C_Q)         0.456     5.597 r  S_rht_btn_2_reg[26]/Q
                         net (fo=5, routed)           1.174     6.771    S_rht_btn_2_reg_n_0_[26]
    SLICE_X61Y22         LUT4 (Prop_lut4_I1_O)        0.124     6.895 r  S_fre_buffer_indx_cntr[4]_i_36/O
                         net (fo=1, routed)           0.406     7.302    S_fre_buffer_indx_cntr[4]_i_36_n_0
    SLICE_X61Y23         LUT6 (Prop_lut6_I1_O)        0.124     7.426 f  S_fre_buffer_indx_cntr[4]_i_17/O
                         net (fo=2, routed)           0.485     7.911    S_fre_buffer_indx_cntr[4]_i_17_n_0
    SLICE_X61Y23         LUT6 (Prop_lut6_I0_O)        0.124     8.035 f  S_rht_btn_2[27]_i_4/O
                         net (fo=27, routed)          1.292     9.327    S_rht_btn_2[27]_i_4_n_0
    SLICE_X63Y25         LUT2 (Prop_lut2_I1_O)        0.152     9.479 r  S_rht_btn_2[25]_i_1/O
                         net (fo=1, routed)           0.000     9.479    S_rht_btn_2[25]
    SLICE_X63Y25         FDRE                                         r  S_rht_btn_2_reg[25]/D
  -------------------------------------------------------------------    -------------------

                         (clock CLK_top_reprt rise edge)
                                                     10.000    10.000 r  
    W5                                                0.000    10.000 r  CLK_top (IN)
                         net (fo=0)                   0.000    10.000    CLK_top
    W5                   IBUF (Prop_ibuf_I_O)         1.388    11.388 r  CLK_top_IBUF_inst/O
                         net (fo=1, routed)           1.862    13.250    CLK_top_IBUF
    BUFGCTRL_X0Y0        BUFG (Prop_bufg_I_O)         0.091    13.341 r  CLK_top_IBUF_BUFG_inst/O
                         net (fo=106, routed)         1.502    14.843    CLK_top_IBUF_BUFG
    SLICE_X63Y25         FDRE                                         r  S_rht_btn_2_reg[25]/C
                         clock pessimism              0.274    15.117    
                         clock uncertainty           -0.035    15.082    
    SLICE_X63Y25         FDRE (Setup_fdre_C_D)        0.075    15.157    S_rht_btn_2_reg[25]
  -------------------------------------------------------------------
                         required time                         15.157    
                         arrival time                          -9.479    
  -------------------------------------------------------------------
                         slack                                  5.678    

Slack (MET) :             5.681ns  (required time - arrival time)
  Source:                 S_rht_btn_2_reg[5]/C
                            (rising edge-triggered cell FDRE clocked by CLK_top_reprt  {rise@0.000ns fall@5.000ns period=10.000ns})
  Destination:            S_fre_buffer_indx_cntr_reg[4]/D
                            (rising edge-triggered cell FDRE clocked by CLK_top_reprt  {rise@0.000ns fall@5.000ns period=10.000ns})
  Path Group:             CLK_top_reprt
  Path Type:              Setup (Max at Slow Process Corner)
  Requirement:            10.000ns  (CLK_top_reprt rise@10.000ns - CLK_top_reprt rise@0.000ns)
  Data Path Delay:        4.272ns  (logic 1.087ns (25.445%)  route 3.185ns (74.555%))
  Logic Levels:           4  (LUT4=1 LUT6=3)
  Clock Path Skew:        -0.043ns (DCD - SCD + CPR)
    Destination Clock Delay (DCD):    4.842ns = ( 14.842 - 10.000 ) 
    Source Clock Delay      (SCD):    5.145ns
    Clock Pessimism Removal (CPR):    0.260ns
  Clock Uncertainty:      0.035ns  ((TSJ^2 + TIJ^2)^1/2 + DJ) / 2 + PE
    Total System Jitter     (TSJ):    0.071ns
    Total Input Jitter      (TIJ):    0.000ns
    Discrete Jitter          (DJ):    0.000ns
    Phase Error              (PE):    0.000ns

    Location             Delay type                Incr(ns)  Path(ns)    Netlist Resource(s)
  -------------------------------------------------------------------    -------------------
                         (clock CLK_top_reprt rise edge)
                                                      0.000     0.000 r  
    W5                                                0.000     0.000 r  CLK_top (IN)
                         net (fo=0)                   0.000     0.000    CLK_top
    W5                   IBUF (Prop_ibuf_I_O)         1.458     1.458 r  CLK_top_IBUF_inst/O
                         net (fo=1, routed)           1.967     3.425    CLK_top_IBUF
    BUFGCTRL_X0Y0        BUFG (Prop_bufg_I_O)         0.096     3.521 r  CLK_top_IBUF_BUFG_inst/O
                         net (fo=106, routed)         1.624     5.145    CLK_top_IBUF_BUFG
    SLICE_X63Y21         FDRE                                         r  S_rht_btn_2_reg[5]/C
  -------------------------------------------------------------------    -------------------
    SLICE_X63Y21         FDRE (Prop_fdre_C_Q)         0.419     5.564 f  S_rht_btn_2_reg[5]/Q
                         net (fo=4, routed)           0.985     6.549    S_rht_btn_2_reg_n_0_[5]
    SLICE_X60Y23         LUT4 (Prop_lut4_I2_O)        0.296     6.845 f  S_fre_buffer_indx_cntr[4]_i_30/O
                         net (fo=1, routed)           0.799     7.645    S_fre_buffer_indx_cntr[4]_i_30_n_0
    SLICE_X59Y23         LUT6 (Prop_lut6_I0_O)        0.124     7.769 r  S_fre_buffer_indx_cntr[4]_i_13/O
                         net (fo=1, routed)           0.866     8.634    S_fre_buffer_indx_cntr[4]_i_13_n_0
    SLICE_X60Y25         LUT6 (Prop_lut6_I3_O)        0.124     8.758 r  S_fre_buffer_indx_cntr[4]_i_3/O
                         net (fo=6, routed)           0.535     9.293    S_fre_buffer_indx_cntr[4]_i_3_n_0
    SLICE_X58Y25         LUT6 (Prop_lut6_I4_O)        0.124     9.417 r  S_fre_buffer_indx_cntr[4]_i_2/O
                         net (fo=1, routed)           0.000     9.417    S_fre_buffer_indx_cntr[4]_i_2_n_0
    SLICE_X58Y25         FDRE                                         r  S_fre_buffer_indx_cntr_reg[4]/D
  -------------------------------------------------------------------    -------------------

                         (clock CLK_top_reprt rise edge)
                                                     10.000    10.000 r  
    W5                                                0.000    10.000 r  CLK_top (IN)
                         net (fo=0)                   0.000    10.000    CLK_top
    W5                   IBUF (Prop_ibuf_I_O)         1.388    11.388 r  CLK_top_IBUF_inst/O
                         net (fo=1, routed)           1.862    13.250    CLK_top_IBUF
    BUFGCTRL_X0Y0        BUFG (Prop_bufg_I_O)         0.091    13.341 r  CLK_top_IBUF_BUFG_inst/O
                         net (fo=106, routed)         1.501    14.842    CLK_top_IBUF_BUFG
    SLICE_X58Y25         FDRE                                         r  S_fre_buffer_indx_cntr_reg[4]/C
                         clock pessimism              0.260    15.102    
                         clock uncertainty           -0.035    15.067    
    SLICE_X58Y25         FDRE (Setup_fdre_C_D)        0.031    15.098    S_fre_buffer_indx_cntr_reg[4]
  -------------------------------------------------------------------
                         required time                         15.098    
                         arrival time                          -9.417    
  -------------------------------------------------------------------
                         slack                                  5.681    





Min Delay Paths
--------------------------------------------------------------------------------------
Slack (MET) :             0.142ns  (arrival time - required time)
  Source:                 p3_08_debounce_mdl/Si_refresh_counter_reg[4]/C
                            (rising edge-triggered cell FDRE clocked by CLK_top_reprt  {rise@0.000ns fall@5.000ns period=10.000ns})
  Destination:            p3_08_debounce_mdl/Si_refresh_counter_reg[0]/D
                            (rising edge-triggered cell FDRE clocked by CLK_top_reprt  {rise@0.000ns fall@5.000ns period=10.000ns})
  Path Group:             CLK_top_reprt
  Path Type:              Hold (Min at Fast Process Corner)
  Requirement:            0.000ns  (CLK_top_reprt rise@0.000ns - CLK_top_reprt rise@0.000ns)
  Data Path Delay:        0.275ns  (logic 0.186ns (67.585%)  route 0.089ns (32.415%))
  Logic Levels:           1  (LUT6=1)
  Clock Path Skew:        0.013ns (DCD - SCD - CPR)
    Destination Clock Delay (DCD):    1.955ns
    Source Clock Delay      (SCD):    1.444ns
    Clock Pessimism Removal (CPR):    0.498ns

    Location             Delay type                Incr(ns)  Path(ns)    Netlist Resource(s)
  -------------------------------------------------------------------    -------------------
                         (clock CLK_top_reprt rise edge)
                                                      0.000     0.000 r  
    W5                                                0.000     0.000 r  CLK_top (IN)
                         net (fo=0)                   0.000     0.000    CLK_top
    W5                   IBUF (Prop_ibuf_I_O)         0.226     0.226 r  CLK_top_IBUF_inst/O
                         net (fo=1, routed)           0.631     0.858    CLK_top_IBUF
    BUFGCTRL_X0Y0        BUFG (Prop_bufg_I_O)         0.026     0.884 r  CLK_top_IBUF_BUFG_inst/O
                         net (fo=106, routed)         0.561     1.444    p3_08_debounce_mdl/CLK
    SLICE_X57Y31         FDRE                                         r  p3_08_debounce_mdl/Si_refresh_counter_reg[4]/C
  -------------------------------------------------------------------    -------------------
    SLICE_X57Y31         FDRE (Prop_fdre_C_Q)         0.141     1.585 r  p3_08_debounce_mdl/Si_refresh_counter_reg[4]/Q
                         net (fo=8, routed)           0.089     1.674    p3_08_debounce_mdl/Si_refresh_counter_reg[4]
    SLICE_X56Y31         LUT6 (Prop_lut6_I4_O)        0.045     1.719 r  p3_08_debounce_mdl/Si_refresh_counter[0]_i_1/O
                         net (fo=1, routed)           0.000     1.719    p3_08_debounce_mdl/p_0_in__0[0]
    SLICE_X56Y31         FDRE                                         r  p3_08_debounce_mdl/Si_refresh_counter_reg[0]/D
  -------------------------------------------------------------------    -------------------

                         (clock CLK_top_reprt rise edge)
                                                      0.000     0.000 r  
    W5                                                0.000     0.000 r  CLK_top (IN)
                         net (fo=0)                   0.000     0.000    CLK_top
    W5                   IBUF (Prop_ibuf_I_O)         0.414     0.414 r  CLK_top_IBUF_inst/O
                         net (fo=1, routed)           0.685     1.099    CLK_top_IBUF
    BUFGCTRL_X0Y0        BUFG (Prop_bufg_I_O)         0.029     1.128 r  CLK_top_IBUF_BUFG_inst/O
                         net (fo=106, routed)         0.828     1.955    p3_08_debounce_mdl/CLK
    SLICE_X56Y31         FDRE                                         r  p3_08_debounce_mdl/Si_refresh_counter_reg[0]/C
                         clock pessimism             -0.498     1.457    
    SLICE_X56Y31         FDRE (Hold_fdre_C_D)         0.120     1.577    p3_08_debounce_mdl/Si_refresh_counter_reg[0]
  -------------------------------------------------------------------
                         required time                         -1.577    
                         arrival time                           1.719    
  -------------------------------------------------------------------
                         slack                                  0.142    

Slack (MET) :             0.198ns  (arrival time - required time)
  Source:                 S_hex4_reg[15]/C
                            (rising edge-triggered cell FDRE clocked by CLK_top_reprt  {rise@0.000ns fall@5.000ns period=10.000ns})
  Destination:            p3_08_47segment_mdl/SEGMENT7_top_reg[7]/D
                            (rising edge-triggered cell FDRE clocked by CLK_top_reprt  {rise@0.000ns fall@5.000ns period=10.000ns})
  Path Group:             CLK_top_reprt
  Path Type:              Hold (Min at Fast Process Corner)
  Requirement:            0.000ns  (CLK_top_reprt rise@0.000ns - CLK_top_reprt rise@0.000ns)
  Data Path Delay:        0.303ns  (logic 0.186ns (61.404%)  route 0.117ns (38.596%))
  Logic Levels:           1  (LUT6=1)
  Clock Path Skew:        0.013ns (DCD - SCD - CPR)
    Destination Clock Delay (DCD):    1.978ns
    Source Clock Delay      (SCD):    1.466ns
    Clock Pessimism Removal (CPR):    0.499ns

    Location             Delay type                Incr(ns)  Path(ns)    Netlist Resource(s)
  -------------------------------------------------------------------    -------------------
                         (clock CLK_top_reprt rise edge)
                                                      0.000     0.000 r  
    W5                                                0.000     0.000 r  CLK_top (IN)
                         net (fo=0)                   0.000     0.000    CLK_top
    W5                   IBUF (Prop_ibuf_I_O)         0.226     0.226 r  CLK_top_IBUF_inst/O
                         net (fo=1, routed)           0.631     0.858    CLK_top_IBUF
    BUFGCTRL_X0Y0        BUFG (Prop_bufg_I_O)         0.026     0.884 r  CLK_top_IBUF_BUFG_inst/O
                         net (fo=106, routed)         0.583     1.466    CLK_top_IBUF_BUFG
    SLICE_X62Y23         FDRE                                         r  S_hex4_reg[15]/C
  -------------------------------------------------------------------    -------------------
    SLICE_X62Y23         FDRE (Prop_fdre_C_Q)         0.141     1.607 r  S_hex4_reg[15]/Q
                         net (fo=7, routed)           0.117     1.724    p3_08_47segment_mdl/Q[3]
    SLICE_X65Y23         LUT6 (Prop_lut6_I3_O)        0.045     1.769 r  p3_08_47segment_mdl/SEGMENT7_top[7]_i_1/O
                         net (fo=1, routed)           0.000     1.769    p3_08_47segment_mdl/SEGMENT7_top[7]_i_1_n_0
    SLICE_X65Y23         FDRE                                         r  p3_08_47segment_mdl/SEGMENT7_top_reg[7]/D
  -------------------------------------------------------------------    -------------------

                         (clock CLK_top_reprt rise edge)
                                                      0.000     0.000 r  
    W5                                                0.000     0.000 r  CLK_top (IN)
                         net (fo=0)                   0.000     0.000    CLK_top
    W5                   IBUF (Prop_ibuf_I_O)         0.414     0.414 r  CLK_top_IBUF_inst/O
                         net (fo=1, routed)           0.685     1.099    CLK_top_IBUF
    BUFGCTRL_X0Y0        BUFG (Prop_bufg_I_O)         0.029     1.128 r  CLK_top_IBUF_BUFG_inst/O
                         net (fo=106, routed)         0.851     1.978    p3_08_47segment_mdl/CLK
    SLICE_X65Y23         FDRE                                         r  p3_08_47segment_mdl/SEGMENT7_top_reg[7]/C
                         clock pessimism             -0.499     1.479    
    SLICE_X65Y23         FDRE (Hold_fdre_C_D)         0.092     1.571    p3_08_47segment_mdl/SEGMENT7_top_reg[7]
  -------------------------------------------------------------------
                         required time                         -1.571    
                         arrival time                           1.769    
  -------------------------------------------------------------------
                         slack                                  0.198    

Slack (MET) :             0.200ns  (arrival time - required time)
  Source:                 S_hex4_reg[15]/C
                            (rising edge-triggered cell FDRE clocked by CLK_top_reprt  {rise@0.000ns fall@5.000ns period=10.000ns})
  Destination:            p3_08_47segment_mdl/SEGMENT7_top_reg[6]/D
                            (rising edge-triggered cell FDRE clocked by CLK_top_reprt  {rise@0.000ns fall@5.000ns period=10.000ns})
  Path Group:             CLK_top_reprt
  Path Type:              Hold (Min at Fast Process Corner)
  Requirement:            0.000ns  (CLK_top_reprt rise@0.000ns - CLK_top_reprt rise@0.000ns)
  Data Path Delay:        0.304ns  (logic 0.186ns (61.202%)  route 0.118ns (38.798%))
  Logic Levels:           1  (LUT6=1)
  Clock Path Skew:        0.013ns (DCD - SCD - CPR)
    Destination Clock Delay (DCD):    1.978ns
    Source Clock Delay      (SCD):    1.466ns
    Clock Pessimism Removal (CPR):    0.499ns

    Location             Delay type                Incr(ns)  Path(ns)    Netlist Resource(s)
  -------------------------------------------------------------------    -------------------
                         (clock CLK_top_reprt rise edge)
                                                      0.000     0.000 r  
    W5                                                0.000     0.000 r  CLK_top (IN)
                         net (fo=0)                   0.000     0.000    CLK_top
    W5                   IBUF (Prop_ibuf_I_O)         0.226     0.226 r  CLK_top_IBUF_inst/O
                         net (fo=1, routed)           0.631     0.858    CLK_top_IBUF
    BUFGCTRL_X0Y0        BUFG (Prop_bufg_I_O)         0.026     0.884 r  CLK_top_IBUF_BUFG_inst/O
                         net (fo=106, routed)         0.583     1.466    CLK_top_IBUF_BUFG
    SLICE_X62Y23         FDRE                                         r  S_hex4_reg[15]/C
  -------------------------------------------------------------------    -------------------
    SLICE_X62Y23         FDRE (Prop_fdre_C_Q)         0.141     1.607 r  S_hex4_reg[15]/Q
                         net (fo=7, routed)           0.118     1.725    p3_08_47segment_mdl/Q[3]
    SLICE_X65Y23         LUT6 (Prop_lut6_I3_O)        0.045     1.770 r  p3_08_47segment_mdl/SEGMENT7_top[6]_i_1/O
                         net (fo=1, routed)           0.000     1.770    p3_08_47segment_mdl/SEGMENT7_top[6]_i_1_n_0
    SLICE_X65Y23         FDRE                                         r  p3_08_47segment_mdl/SEGMENT7_top_reg[6]/D
  -------------------------------------------------------------------    -------------------

                         (clock CLK_top_reprt rise edge)
                                                      0.000     0.000 r  
    W5                                                0.000     0.000 r  CLK_top (IN)
                         net (fo=0)                   0.000     0.000    CLK_top
    W5                   IBUF (Prop_ibuf_I_O)         0.414     0.414 r  CLK_top_IBUF_inst/O
                         net (fo=1, routed)           0.685     1.099    CLK_top_IBUF
    BUFGCTRL_X0Y0        BUFG (Prop_bufg_I_O)         0.029     1.128 r  CLK_top_IBUF_BUFG_inst/O
                         net (fo=106, routed)         0.851     1.978    p3_08_47segment_mdl/CLK
    SLICE_X65Y23         FDRE                                         r  p3_08_47segment_mdl/SEGMENT7_top_reg[6]/C
                         clock pessimism             -0.499     1.479    
    SLICE_X65Y23         FDRE (Hold_fdre_C_D)         0.091     1.570    p3_08_47segment_mdl/SEGMENT7_top_reg[6]
  -------------------------------------------------------------------
                         required time                         -1.570    
                         arrival time                           1.770    
  -------------------------------------------------------------------
                         slack                                  0.200    

Slack (MET) :             0.206ns  (arrival time - required time)
  Source:                 p3_08_debounce_mdl/btn_deb_reg[2]/C
                            (rising edge-triggered cell FDRE clocked by CLK_top_reprt  {rise@0.000ns fall@5.000ns period=10.000ns})
  Destination:            S_btn_deb_pre_reg[2]/D
                            (rising edge-triggered cell FDRE clocked by CLK_top_reprt  {rise@0.000ns fall@5.000ns period=10.000ns})
  Path Group:             CLK_top_reprt
  Path Type:              Hold (Min at Fast Process Corner)
  Requirement:            0.000ns  (CLK_top_reprt rise@0.000ns - CLK_top_reprt rise@0.000ns)
  Data Path Delay:        0.277ns  (logic 0.141ns (50.871%)  route 0.136ns (49.129%))
  Logic Levels:           0  
  Clock Path Skew:        0.014ns (DCD - SCD - CPR)
    Destination Clock Delay (DCD):    1.949ns
    Source Clock Delay      (SCD):    1.436ns
    Clock Pessimism Removal (CPR):    0.499ns

    Location             Delay type                Incr(ns)  Path(ns)    Netlist Resource(s)
  -------------------------------------------------------------------    -------------------
                         (clock CLK_top_reprt rise edge)
                                                      0.000     0.000 r  
    W5                                                0.000     0.000 r  CLK_top (IN)
                         net (fo=0)                   0.000     0.000    CLK_top
    W5                   IBUF (Prop_ibuf_I_O)         0.226     0.226 r  CLK_top_IBUF_inst/O
                         net (fo=1, routed)           0.631     0.858    CLK_top_IBUF
    BUFGCTRL_X0Y0        BUFG (Prop_bufg_I_O)         0.026     0.884 r  CLK_top_IBUF_BUFG_inst/O
                         net (fo=106, routed)         0.553     1.436    p3_08_debounce_mdl/CLK
    SLICE_X55Y24         FDRE                                         r  p3_08_debounce_mdl/btn_deb_reg[2]/C
  -------------------------------------------------------------------    -------------------
    SLICE_X55Y24         FDRE (Prop_fdre_C_Q)         0.141     1.577 r  p3_08_debounce_mdl/btn_deb_reg[2]/Q
                         net (fo=1, routed)           0.136     1.713    S_btn_deb[2]
    SLICE_X55Y23         FDRE                                         r  S_btn_deb_pre_reg[2]/D
  -------------------------------------------------------------------    -------------------

                         (clock CLK_top_reprt rise edge)
                                                      0.000     0.000 r  
    W5                                                0.000     0.000 r  CLK_top (IN)
                         net (fo=0)                   0.000     0.000    CLK_top
    W5                   IBUF (Prop_ibuf_I_O)         0.414     0.414 r  CLK_top_IBUF_inst/O
                         net (fo=1, routed)           0.685     1.099    CLK_top_IBUF
    BUFGCTRL_X0Y0        BUFG (Prop_bufg_I_O)         0.029     1.128 r  CLK_top_IBUF_BUFG_inst/O
                         net (fo=106, routed)         0.822     1.949    CLK_top_IBUF_BUFG
    SLICE_X55Y23         FDRE                                         r  S_btn_deb_pre_reg[2]/C
                         clock pessimism             -0.499     1.450    
    SLICE_X55Y23         FDRE (Hold_fdre_C_D)         0.057     1.507    S_btn_deb_pre_reg[2]
  -------------------------------------------------------------------
                         required time                         -1.507    
                         arrival time                           1.713    
  -------------------------------------------------------------------
                         slack                                  0.206    

Slack (MET) :             0.233ns  (arrival time - required time)
  Source:                 p3_08_debounce_mdl/Si_refresh_counter_reg[2]/C
                            (rising edge-triggered cell FDRE clocked by CLK_top_reprt  {rise@0.000ns fall@5.000ns period=10.000ns})
  Destination:            p3_08_debounce_mdl/Si_refresh_counter_reg[6]/D
                            (rising edge-triggered cell FDRE clocked by CLK_top_reprt  {rise@0.000ns fall@5.000ns period=10.000ns})
  Path Group:             CLK_top_reprt
  Path Type:              Hold (Min at Fast Process Corner)
  Requirement:            0.000ns  (CLK_top_reprt rise@0.000ns - CLK_top_reprt rise@0.000ns)
  Data Path Delay:        0.369ns  (logic 0.186ns (50.366%)  route 0.183ns (49.634%))
  Logic Levels:           1  (LUT6=1)
  Clock Path Skew:        0.015ns (DCD - SCD - CPR)
    Destination Clock Delay (DCD):    1.956ns
    Source Clock Delay      (SCD):    1.444ns
    Clock Pessimism Removal (CPR):    0.497ns

    Location             Delay type                Incr(ns)  Path(ns)    Netlist Resource(s)
  -------------------------------------------------------------------    -------------------
                         (clock CLK_top_reprt rise edge)
                                                      0.000     0.000 r  
    W5                                                0.000     0.000 r  CLK_top (IN)
                         net (fo=0)                   0.000     0.000    CLK_top
    W5                   IBUF (Prop_ibuf_I_O)         0.226     0.226 r  CLK_top_IBUF_inst/O
                         net (fo=1, routed)           0.631     0.858    CLK_top_IBUF
    BUFGCTRL_X0Y0        BUFG (Prop_bufg_I_O)         0.026     0.884 r  CLK_top_IBUF_BUFG_inst/O
                         net (fo=106, routed)         0.561     1.444    p3_08_debounce_mdl/CLK
    SLICE_X57Y31         FDRE                                         r  p3_08_debounce_mdl/Si_refresh_counter_reg[2]/C
  -------------------------------------------------------------------    -------------------
    SLICE_X57Y31         FDRE (Prop_fdre_C_Q)         0.141     1.585 r  p3_08_debounce_mdl/Si_refresh_counter_reg[2]/Q
                         net (fo=9, routed)           0.183     1.768    p3_08_debounce_mdl/Si_refresh_counter_reg[2]
    SLICE_X56Y32         LUT6 (Prop_lut6_I2_O)        0.045     1.813 r  p3_08_debounce_mdl/Si_refresh_counter[6]_i_2/O
                         net (fo=1, routed)           0.000     1.813    p3_08_debounce_mdl/p_0_in__0[6]
    SLICE_X56Y32         FDRE                                         r  p3_08_debounce_mdl/Si_refresh_counter_reg[6]/D
  -------------------------------------------------------------------    -------------------

                         (clock CLK_top_reprt rise edge)
                                                      0.000     0.000 r  
    W5                                                0.000     0.000 r  CLK_top (IN)
                         net (fo=0)                   0.000     0.000    CLK_top
    W5                   IBUF (Prop_ibuf_I_O)         0.414     0.414 r  CLK_top_IBUF_inst/O
                         net (fo=1, routed)           0.685     1.099    CLK_top_IBUF
    BUFGCTRL_X0Y0        BUFG (Prop_bufg_I_O)         0.029     1.128 r  CLK_top_IBUF_BUFG_inst/O
                         net (fo=106, routed)         0.829     1.956    p3_08_debounce_mdl/CLK
    SLICE_X56Y32         FDRE                                         r  p3_08_debounce_mdl/Si_refresh_counter_reg[6]/C
                         clock pessimism             -0.497     1.459    
    SLICE_X56Y32         FDRE (Hold_fdre_C_D)         0.121     1.580    p3_08_debounce_mdl/Si_refresh_counter_reg[6]
  -------------------------------------------------------------------
                         required time                         -1.580    
                         arrival time                           1.813    
  -------------------------------------------------------------------
                         slack                                  0.233    

Slack (MET) :             0.236ns  (arrival time - required time)
  Source:                 p3_08_debounce_mdl/Si_refresh_counter_reg[1]/C
                            (rising edge-triggered cell FDRE clocked by CLK_top_reprt  {rise@0.000ns fall@5.000ns period=10.000ns})
  Destination:            p3_08_debounce_mdl/Si_refresh_counter_reg[3]/D
                            (rising edge-triggered cell FDRE clocked by CLK_top_reprt  {rise@0.000ns fall@5.000ns period=10.000ns})
  Path Group:             CLK_top_reprt
  Path Type:              Hold (Min at Fast Process Corner)
  Requirement:            0.000ns  (CLK_top_reprt rise@0.000ns - CLK_top_reprt rise@0.000ns)
  Data Path Delay:        0.371ns  (logic 0.186ns (50.092%)  route 0.185ns (49.908%))
  Logic Levels:           1  (LUT6=1)
  Clock Path Skew:        0.015ns (DCD - SCD - CPR)
    Destination Clock Delay (DCD):    1.956ns
    Source Clock Delay      (SCD):    1.444ns
    Clock Pessimism Removal (CPR):    0.497ns

    Location             Delay type                Incr(ns)  Path(ns)    Netlist Resource(s)
  -------------------------------------------------------------------    -------------------
                         (clock CLK_top_reprt rise edge)
                                                      0.000     0.000 r  
    W5                                                0.000     0.000 r  CLK_top (IN)
                         net (fo=0)                   0.000     0.000    CLK_top
    W5                   IBUF (Prop_ibuf_I_O)         0.226     0.226 r  CLK_top_IBUF_inst/O
                         net (fo=1, routed)           0.631     0.858    CLK_top_IBUF
    BUFGCTRL_X0Y0        BUFG (Prop_bufg_I_O)         0.026     0.884 r  CLK_top_IBUF_BUFG_inst/O
                         net (fo=106, routed)         0.561     1.444    p3_08_debounce_mdl/CLK
    SLICE_X57Y31         FDRE                                         r  p3_08_debounce_mdl/Si_refresh_counter_reg[1]/C
  -------------------------------------------------------------------    -------------------
    SLICE_X57Y31         FDRE (Prop_fdre_C_Q)         0.141     1.585 r  p3_08_debounce_mdl/Si_refresh_counter_reg[1]/Q
                         net (fo=7, routed)           0.185     1.770    p3_08_debounce_mdl/Si_refresh_counter_reg[1]
    SLICE_X56Y32         LUT6 (Prop_lut6_I0_O)        0.045     1.815 r  p3_08_debounce_mdl/Si_refresh_counter[3]_i_1/O
                         net (fo=1, routed)           0.000     1.815    p3_08_debounce_mdl/p_0_in__0[3]
    SLICE_X56Y32         FDRE                                         r  p3_08_debounce_mdl/Si_refresh_counter_reg[3]/D
  -------------------------------------------------------------------    -------------------

                         (clock CLK_top_reprt rise edge)
                                                      0.000     0.000 r  
    W5                                                0.000     0.000 r  CLK_top (IN)
                         net (fo=0)                   0.000     0.000    CLK_top
    W5                   IBUF (Prop_ibuf_I_O)         0.414     0.414 r  CLK_top_IBUF_inst/O
                         net (fo=1, routed)           0.685     1.099    CLK_top_IBUF
    BUFGCTRL_X0Y0        BUFG (Prop_bufg_I_O)         0.029     1.128 r  CLK_top_IBUF_BUFG_inst/O
                         net (fo=106, routed)         0.829     1.956    p3_08_debounce_mdl/CLK
    SLICE_X56Y32         FDRE                                         r  p3_08_debounce_mdl/Si_refresh_counter_reg[3]/C
                         clock pessimism             -0.497     1.459    
    SLICE_X56Y32         FDRE (Hold_fdre_C_D)         0.120     1.579    p3_08_debounce_mdl/Si_refresh_counter_reg[3]
  -------------------------------------------------------------------
                         required time                         -1.579    
                         arrival time                           1.815    
  -------------------------------------------------------------------
                         slack                                  0.236    

Slack (MET) :             0.249ns  (arrival time - required time)
  Source:                 S_lft_btn_2_reg[0]/C
                            (rising edge-triggered cell FDRE clocked by CLK_top_reprt  {rise@0.000ns fall@5.000ns period=10.000ns})
  Destination:            S_lft_btn_2_reg[0]/D
                            (rising edge-triggered cell FDRE clocked by CLK_top_reprt  {rise@0.000ns fall@5.000ns period=10.000ns})
  Path Group:             CLK_top_reprt
  Path Type:              Hold (Min at Fast Process Corner)
  Requirement:            0.000ns  (CLK_top_reprt rise@0.000ns - CLK_top_reprt rise@0.000ns)
  Data Path Delay:        0.382ns  (logic 0.207ns (54.155%)  route 0.175ns (45.845%))
  Logic Levels:           1  (LUT1=1)
  Clock Path Skew:        0.000ns (DCD - SCD - CPR)
    Destination Clock Delay (DCD):    1.951ns
    Source Clock Delay      (SCD):    1.441ns
    Clock Pessimism Removal (CPR):    0.510ns

    Location             Delay type                Incr(ns)  Path(ns)    Netlist Resource(s)
  -------------------------------------------------------------------    -------------------
                         (clock CLK_top_reprt rise edge)
                                                      0.000     0.000 r  
    W5                                                0.000     0.000 r  CLK_top (IN)
                         net (fo=0)                   0.000     0.000    CLK_top
    W5                   IBUF (Prop_ibuf_I_O)         0.226     0.226 r  CLK_top_IBUF_inst/O
                         net (fo=1, routed)           0.631     0.858    CLK_top_IBUF
    BUFGCTRL_X0Y0        BUFG (Prop_bufg_I_O)         0.026     0.884 r  CLK_top_IBUF_BUFG_inst/O
                         net (fo=106, routed)         0.558     1.441    CLK_top_IBUF_BUFG
    SLICE_X56Y22         FDRE                                         r  S_lft_btn_2_reg[0]/C
  -------------------------------------------------------------------    -------------------
    SLICE_X56Y22         FDRE (Prop_fdre_C_Q)         0.164     1.605 f  S_lft_btn_2_reg[0]/Q
                         net (fo=3, routed)           0.175     1.780    S_lft_btn_2_reg_n_0_[0]
    SLICE_X56Y22         LUT1 (Prop_lut1_I0_O)        0.043     1.823 r  S_lft_btn_2[0]_i_1/O
                         net (fo=1, routed)           0.000     1.823    S_lft_btn_2[0]
    SLICE_X56Y22         FDRE                                         r  S_lft_btn_2_reg[0]/D
  -------------------------------------------------------------------    -------------------

                         (clock CLK_top_reprt rise edge)
                                                      0.000     0.000 r  
    W5                                                0.000     0.000 r  CLK_top (IN)
                         net (fo=0)                   0.000     0.000    CLK_top
    W5                   IBUF (Prop_ibuf_I_O)         0.414     0.414 r  CLK_top_IBUF_inst/O
                         net (fo=1, routed)           0.685     1.099    CLK_top_IBUF
    BUFGCTRL_X0Y0        BUFG (Prop_bufg_I_O)         0.029     1.128 r  CLK_top_IBUF_BUFG_inst/O
                         net (fo=106, routed)         0.824     1.951    CLK_top_IBUF_BUFG
    SLICE_X56Y22         FDRE                                         r  S_lft_btn_2_reg[0]/C
                         clock pessimism             -0.510     1.441    
    SLICE_X56Y22         FDRE (Hold_fdre_C_D)         0.133     1.574    S_lft_btn_2_reg[0]
  -------------------------------------------------------------------
                         required time                         -1.574    
                         arrival time                           1.823    
  -------------------------------------------------------------------
                         slack                                  0.249    

Slack (MET) :             0.261ns  (arrival time - required time)
  Source:                 p3_08_debounce_mdl/Si_refresh_counter_reg[1]/C
                            (rising edge-triggered cell FDRE clocked by CLK_top_reprt  {rise@0.000ns fall@5.000ns period=10.000ns})
  Destination:            p3_08_debounce_mdl/Si_refresh_counter_reg[4]/D
                            (rising edge-triggered cell FDRE clocked by CLK_top_reprt  {rise@0.000ns fall@5.000ns period=10.000ns})
  Path Group:             CLK_top_reprt
  Path Type:              Hold (Min at Fast Process Corner)
  Requirement:            0.000ns  (CLK_top_reprt rise@0.000ns - CLK_top_reprt rise@0.000ns)
  Data Path Delay:        0.353ns  (logic 0.186ns (52.738%)  route 0.167ns (47.262%))
  Logic Levels:           1  (LUT6=1)
  Clock Path Skew:        0.000ns (DCD - SCD - CPR)
    Destination Clock Delay (DCD):    1.955ns
    Source Clock Delay      (SCD):    1.444ns
    Clock Pessimism Removal (CPR):    0.511ns

    Location             Delay type                Incr(ns)  Path(ns)    Netlist Resource(s)
  -------------------------------------------------------------------    -------------------
                         (clock CLK_top_reprt rise edge)
                                                      0.000     0.000 r  
    W5                                                0.000     0.000 r  CLK_top (IN)
                         net (fo=0)                   0.000     0.000    CLK_top
    W5                   IBUF (Prop_ibuf_I_O)         0.226     0.226 r  CLK_top_IBUF_inst/O
                         net (fo=1, routed)           0.631     0.858    CLK_top_IBUF
    BUFGCTRL_X0Y0        BUFG (Prop_bufg_I_O)         0.026     0.884 r  CLK_top_IBUF_BUFG_inst/O
                         net (fo=106, routed)         0.561     1.444    p3_08_debounce_mdl/CLK
    SLICE_X57Y31         FDRE                                         r  p3_08_debounce_mdl/Si_refresh_counter_reg[1]/C
  -------------------------------------------------------------------    -------------------
    SLICE_X57Y31         FDRE (Prop_fdre_C_Q)         0.141     1.585 r  p3_08_debounce_mdl/Si_refresh_counter_reg[1]/Q
                         net (fo=7, routed)           0.167     1.752    p3_08_debounce_mdl/Si_refresh_counter_reg[1]
    SLICE_X57Y31         LUT6 (Prop_lut6_I2_O)        0.045     1.797 r  p3_08_debounce_mdl/Si_refresh_counter[4]_i_1/O
                         net (fo=1, routed)           0.000     1.797    p3_08_debounce_mdl/p_0_in__0[4]
    SLICE_X57Y31         FDRE                                         r  p3_08_debounce_mdl/Si_refresh_counter_reg[4]/D
  -------------------------------------------------------------------    -------------------

                         (clock CLK_top_reprt rise edge)
                                                      0.000     0.000 r  
    W5                                                0.000     0.000 r  CLK_top (IN)
                         net (fo=0)                   0.000     0.000    CLK_top
    W5                   IBUF (Prop_ibuf_I_O)         0.414     0.414 r  CLK_top_IBUF_inst/O
                         net (fo=1, routed)           0.685     1.099    CLK_top_IBUF
    BUFGCTRL_X0Y0        BUFG (Prop_bufg_I_O)         0.029     1.128 r  CLK_top_IBUF_BUFG_inst/O
                         net (fo=106, routed)         0.828     1.955    p3_08_debounce_mdl/CLK
    SLICE_X57Y31         FDRE                                         r  p3_08_debounce_mdl/Si_refresh_counter_reg[4]/C
                         clock pessimism             -0.511     1.444    
    SLICE_X57Y31         FDRE (Hold_fdre_C_D)         0.092     1.536    p3_08_debounce_mdl/Si_refresh_counter_reg[4]
  -------------------------------------------------------------------
                         required time                         -1.536    
                         arrival time                           1.797    
  -------------------------------------------------------------------
                         slack                                  0.261    

Slack (MET) :             0.265ns  (arrival time - required time)
  Source:                 p3_08_47segment_mdl/S_refresh_counter_reg[14]/C
                            (rising edge-triggered cell FDRE clocked by CLK_top_reprt  {rise@0.000ns fall@5.000ns period=10.000ns})
  Destination:            p3_08_47segment_mdl/S_refresh_counter_reg[14]/D
                            (rising edge-triggered cell FDRE clocked by CLK_top_reprt  {rise@0.000ns fall@5.000ns period=10.000ns})
  Path Group:             CLK_top_reprt
  Path Type:              Hold (Min at Fast Process Corner)
  Requirement:            0.000ns  (CLK_top_reprt rise@0.000ns - CLK_top_reprt rise@0.000ns)
  Data Path Delay:        0.399ns  (logic 0.274ns (68.589%)  route 0.125ns (31.411%))
  Logic Levels:           1  (CARRY4=1)
  Clock Path Skew:        0.000ns (DCD - SCD - CPR)
    Destination Clock Delay (DCD):    1.980ns
    Source Clock Delay      (SCD):    1.468ns
    Clock Pessimism Removal (CPR):    0.512ns

    Location             Delay type                Incr(ns)  Path(ns)    Netlist Resource(s)
  -------------------------------------------------------------------    -------------------
                         (clock CLK_top_reprt rise edge)
                                                      0.000     0.000 r  
    W5                                                0.000     0.000 r  CLK_top (IN)
                         net (fo=0)                   0.000     0.000    CLK_top
    W5                   IBUF (Prop_ibuf_I_O)         0.226     0.226 r  CLK_top_IBUF_inst/O
                         net (fo=1, routed)           0.631     0.858    CLK_top_IBUF
    BUFGCTRL_X0Y0        BUFG (Prop_bufg_I_O)         0.026     0.884 r  CLK_top_IBUF_BUFG_inst/O
                         net (fo=106, routed)         0.585     1.468    p3_08_47segment_mdl/CLK
    SLICE_X64Y27         FDRE                                         r  p3_08_47segment_mdl/S_refresh_counter_reg[14]/C
  -------------------------------------------------------------------    -------------------
    SLICE_X64Y27         FDRE (Prop_fdre_C_Q)         0.164     1.632 r  p3_08_47segment_mdl/S_refresh_counter_reg[14]/Q
                         net (fo=2, routed)           0.125     1.758    p3_08_47segment_mdl/S_refresh_counter_reg[14]
    SLICE_X64Y27         CARRY4 (Prop_carry4_S[2]_O[2])
                                                      0.110     1.868 r  p3_08_47segment_mdl/S_refresh_counter_reg[12]_i_1/O[2]
                         net (fo=1, routed)           0.000     1.868    p3_08_47segment_mdl/S_refresh_counter_reg[12]_i_1_n_5
    SLICE_X64Y27         FDRE                                         r  p3_08_47segment_mdl/S_refresh_counter_reg[14]/D
  -------------------------------------------------------------------    -------------------

                         (clock CLK_top_reprt rise edge)
                                                      0.000     0.000 r  
    W5                                                0.000     0.000 r  CLK_top (IN)
                         net (fo=0)                   0.000     0.000    CLK_top
    W5                   IBUF (Prop_ibuf_I_O)         0.414     0.414 r  CLK_top_IBUF_inst/O
                         net (fo=1, routed)           0.685     1.099    CLK_top_IBUF
    BUFGCTRL_X0Y0        BUFG (Prop_bufg_I_O)         0.029     1.128 r  CLK_top_IBUF_BUFG_inst/O
                         net (fo=106, routed)         0.853     1.980    p3_08_47segment_mdl/CLK
    SLICE_X64Y27         FDRE                                         r  p3_08_47segment_mdl/S_refresh_counter_reg[14]/C
                         clock pessimism             -0.512     1.468    
    SLICE_X64Y27         FDRE (Hold_fdre_C_D)         0.134     1.602    p3_08_47segment_mdl/S_refresh_counter_reg[14]
  -------------------------------------------------------------------
                         required time                         -1.602    
                         arrival time                           1.868    
  -------------------------------------------------------------------
                         slack                                  0.265    

Slack (MET) :             0.265ns  (arrival time - required time)
  Source:                 p3_08_47segment_mdl/S_refresh_counter_reg[6]/C
                            (rising edge-triggered cell FDRE clocked by CLK_top_reprt  {rise@0.000ns fall@5.000ns period=10.000ns})
  Destination:            p3_08_47segment_mdl/S_refresh_counter_reg[6]/D
                            (rising edge-triggered cell FDRE clocked by CLK_top_reprt  {rise@0.000ns fall@5.000ns period=10.000ns})
  Path Group:             CLK_top_reprt
  Path Type:              Hold (Min at Fast Process Corner)
  Requirement:            0.000ns  (CLK_top_reprt rise@0.000ns - CLK_top_reprt rise@0.000ns)
  Data Path Delay:        0.399ns  (logic 0.274ns (68.589%)  route 0.125ns (31.411%))
  Logic Levels:           1  (CARRY4=1)
  Clock Path Skew:        0.000ns (DCD - SCD - CPR)
    Destination Clock Delay (DCD):    1.977ns
    Source Clock Delay      (SCD):    1.465ns
    Clock Pessimism Removal (CPR):    0.512ns

    Location             Delay type                Incr(ns)  Path(ns)    Netlist Resource(s)
  -------------------------------------------------------------------    -------------------
                         (clock CLK_top_reprt rise edge)
                                                      0.000     0.000 r  
    W5                                                0.000     0.000 r  CLK_top (IN)
                         net (fo=0)                   0.000     0.000    CLK_top
    W5                   IBUF (Prop_ibuf_I_O)         0.226     0.226 r  CLK_top_IBUF_inst/O
                         net (fo=1, routed)           0.631     0.858    CLK_top_IBUF
    BUFGCTRL_X0Y0        BUFG (Prop_bufg_I_O)         0.026     0.884 r  CLK_top_IBUF_BUFG_inst/O
                         net (fo=106, routed)         0.582     1.465    p3_08_47segment_mdl/CLK
    SLICE_X64Y25         FDRE                                         r  p3_08_47segment_mdl/S_refresh_counter_reg[6]/C
  -------------------------------------------------------------------    -------------------
    SLICE_X64Y25         FDRE (Prop_fdre_C_Q)         0.164     1.629 r  p3_08_47segment_mdl/S_refresh_counter_reg[6]/Q
                         net (fo=2, routed)           0.125     1.755    p3_08_47segment_mdl/S_refresh_counter_reg[6]
    SLICE_X64Y25         CARRY4 (Prop_carry4_S[2]_O[2])
                                                      0.110     1.865 r  p3_08_47segment_mdl/S_refresh_counter_reg[4]_i_1/O[2]
                         net (fo=1, routed)           0.000     1.865    p3_08_47segment_mdl/S_refresh_counter_reg[4]_i_1_n_5
    SLICE_X64Y25         FDRE                                         r  p3_08_47segment_mdl/S_refresh_counter_reg[6]/D
  -------------------------------------------------------------------    -------------------

                         (clock CLK_top_reprt rise edge)
                                                      0.000     0.000 r  
    W5                                                0.000     0.000 r  CLK_top (IN)
                         net (fo=0)                   0.000     0.000    CLK_top
    W5                   IBUF (Prop_ibuf_I_O)         0.414     0.414 r  CLK_top_IBUF_inst/O
                         net (fo=1, routed)           0.685     1.099    CLK_top_IBUF
    BUFGCTRL_X0Y0        BUFG (Prop_bufg_I_O)         0.029     1.128 r  CLK_top_IBUF_BUFG_inst/O
                         net (fo=106, routed)         0.850     1.977    p3_08_47segment_mdl/CLK
    SLICE_X64Y25         FDRE                                         r  p3_08_47segment_mdl/S_refresh_counter_reg[6]/C
                         clock pessimism             -0.512     1.465    
    SLICE_X64Y25         FDRE (Hold_fdre_C_D)         0.134     1.599    p3_08_47segment_mdl/S_refresh_counter_reg[6]
  -------------------------------------------------------------------
                         required time                         -1.599    
                         arrival time                           1.865    
  -------------------------------------------------------------------
                         slack                                  0.265    





Pulse Width Checks
--------------------------------------------------------------------------------------
Clock Name:         CLK_top_reprt
Waveform(ns):       { 0.000 5.000 }
Period(ns):         10.000
Sources:            { CLK_top }

Check Type        Corner  Lib Pin  Reference Pin  Required(ns)  Actual(ns)  Slack(ns)  Location       Pin
Min Period        n/a     BUFG/I   n/a            2.155         10.000      7.845      BUFGCTRL_X0Y0  CLK_top_IBUF_BUFG_inst/I
Min Period        n/a     FDRE/C   n/a            1.000         10.000      9.000      SLICE_X55Y23   S_btn_deb_pre_reg[2]/C
Min Period        n/a     FDRE/C   n/a            1.000         10.000      9.000      SLICE_X55Y25   S_btn_deb_pre_reg[4]/C
Min Period        n/a     FDRE/C   n/a            1.000         10.000      9.000      SLICE_X59Y25   S_fre_buffer_indx_cntr_reg[0]/C
Min Period        n/a     FDRE/C   n/a            1.000         10.000      9.000      SLICE_X58Y24   S_fre_buffer_indx_cntr_reg[1]/C
Min Period        n/a     FDRE/C   n/a            1.000         10.000      9.000      SLICE_X59Y24   S_fre_buffer_indx_cntr_reg[2]/C
Min Period        n/a     FDRE/C   n/a            1.000         10.000      9.000      SLICE_X58Y25   S_fre_buffer_indx_cntr_reg[3]/C
Min Period        n/a     FDRE/C   n/a            1.000         10.000      9.000      SLICE_X58Y25   S_fre_buffer_indx_cntr_reg[4]/C
Min Period        n/a     FDRE/C   n/a            1.000         10.000      9.000      SLICE_X62Y23   S_hex4_reg[12]/C
Min Period        n/a     FDRE/C   n/a            1.000         10.000      9.000      SLICE_X62Y23   S_hex4_reg[13]/C
Low Pulse Width   Fast    FDRE/C   n/a            0.500         5.000       4.500      SLICE_X55Y25   S_btn_deb_pre_reg[4]/C
Low Pulse Width   Fast    FDRE/C   n/a            0.500         5.000       4.500      SLICE_X62Y23   S_hex4_reg[12]/C
Low Pulse Width   Fast    FDRE/C   n/a            0.500         5.000       4.500      SLICE_X62Y23   S_hex4_reg[13]/C
Low Pulse Width   Fast    FDRE/C   n/a            0.500         5.000       4.500      SLICE_X62Y23   S_hex4_reg[14]/C
Low Pulse Width   Fast    FDRE/C   n/a            0.500         5.000       4.500      SLICE_X62Y23   S_hex4_reg[15]/C
Low Pulse Width   Fast    FDRE/C   n/a            0.500         5.000       4.500      SLICE_X54Y24   S_lft_btn_2_reg[13]/C
Low Pulse Width   Fast    FDRE/C   n/a            0.500         5.000       4.500      SLICE_X54Y24   S_lft_btn_2_reg[18]/C
Low Pulse Width   Fast    FDRE/C   n/a            0.500         5.000       4.500      SLICE_X54Y24   S_lft_btn_2_reg[19]/C
Low Pulse Width   Fast    FDRE/C   n/a            0.500         5.000       4.500      SLICE_X54Y24   S_lft_btn_2_reg[20]/C
Low Pulse Width   Fast    FDRE/C   n/a            0.500         5.000       4.500      SLICE_X54Y25   S_lft_btn_2_reg[23]/C
High Pulse Width  Slow    FDRE/C   n/a            0.500         5.000       4.500      SLICE_X59Y25   S_fre_buffer_indx_cntr_reg[0]/C
High Pulse Width  Fast    FDRE/C   n/a            0.500         5.000       4.500      SLICE_X59Y25   S_fre_buffer_indx_cntr_reg[0]/C
High Pulse Width  Slow    FDRE/C   n/a            0.500         5.000       4.500      SLICE_X58Y24   S_fre_buffer_indx_cntr_reg[1]/C
High Pulse Width  Fast    FDRE/C   n/a            0.500         5.000       4.500      SLICE_X58Y24   S_fre_buffer_indx_cntr_reg[1]/C
High Pulse Width  Slow    FDRE/C   n/a            0.500         5.000       4.500      SLICE_X59Y24   S_fre_buffer_indx_cntr_reg[2]/C
High Pulse Width  Fast    FDRE/C   n/a            0.500         5.000       4.500      SLICE_X59Y24   S_fre_buffer_indx_cntr_reg[2]/C
High Pulse Width  Slow    FDRE/C   n/a            0.500         5.000       4.500      SLICE_X58Y25   S_fre_buffer_indx_cntr_reg[3]/C
High Pulse Width  Fast    FDRE/C   n/a            0.500         5.000       4.500      SLICE_X58Y25   S_fre_buffer_indx_cntr_reg[3]/C
High Pulse Width  Slow    FDRE/C   n/a            0.500         5.000       4.500      SLICE_X58Y25   S_fre_buffer_indx_cntr_reg[4]/C
High Pulse Width  Fast    FDRE/C   n/a            0.500         5.000       4.500      SLICE_X58Y25   S_fre_buffer_indx_cntr_reg[4]/C



